"","ndvi","slope","drought"
"ndvi",1,0.038347385296227,-0.0912429560174998
"slope",0.038347385296227,1,-0.262660113263502
"drought",-0.0912429560174998,-0.262660113263502,1
