cyl,am,n,mean,sd
4,0,3,22.9,1.4525839046333942
4,1,8,28.075,4.483859944289072
6,0,4,19.125,1.6317168872080707
6,1,3,20.566666666666666,0.75055534994651385
8,0,12,15.05,2.7743959211462097
8,1,2,15.4,0.5656854249492386
